Workbook

Sheet Quotation
A3: 45992 | E3: www.lightvue.com.au
G4: ABN: 72 682 569 302
A5: Customer: Tailored | G5: Susan: 0431 262 042
G6: info@lightvue.com.au
A8: 7 Batavia Ave
B9: QUOTE # | C9: J9015C
A11: Location | B11: Description | E11: Opening | F11: Track | G11: Total
A12: =Measurements!B3 -> LIVING | B12: =IF(ISBLANK(Measurements!E3),"",Measurements!E3) -> Sheer Curtain | E12: =Measurements!G3 -> OWL | F12: =IF(ISBLANK(Measurements!H3),"",Measurements!H3) -> M | G12: =IF(ISBLANK(Measurements!L3),"",Measurements!L3) -> 404.4
A13: =Measurements!B4 -> SLIDING DOOR | B13: =IF(ISBLANK(Measurements!E4),"",Measurements!E4) -> Sheer Curtain | E13: =Measurements!G4 -> OWR | F13: =IF(ISBLANK(Measurements!H4),"",Measurements!H4) -> M | G13: =IF(ISBLANK(Measurements!L4),"",Measurements!L4) -> 366.8
A14: =Measurements!B5 -> BED | B14: =IF(ISBLANK(Measurements!E5),"",Measurements!E5) -> Sheer Curtain | E14: =Measurements!G5 -> OWR | F14: =IF(ISBLANK(Measurements!H5),"",Measurements!H5) -> M | G14: =IF(ISBLANK(Measurements!L5),"",Measurements!L5) -> 477.2
B15: Wands x 3 | E15: =Measurements!G6 -> 0 | F15: =IF(ISBLANK(Measurements!H6),"",Measurements!H6) | G15: 30
E22: TOTAL (ex. GST) | G22: =SUM(G12:G21) -> 1278.4
E23: GST | G23: =G22*0.1 -> 127.84
A24: Bank Details: | E24: TOTAL (inc. GST) | G24: =SUM(G22:G23) -> 1406.24
A25: Name: EGSK
A26: BSB: 033-183 | B26: Acc: 697592
A27: Reference: | B27: =C9 -> J9015C

Sheet Measurements
A1: Channel: | B1: Wholesale | C1: Exact, Ceiling height
B2: Location | C2: Width | D2: Drop | E2: Product | F2: Style | G2: Opening | H2: Track | I2: Fix | J2: Curtain Price | K2: Track Price | L2: Total | M2: Notes | N2: Labour/Install $/H | O2: 90
A3: 1 | B3: LIVING | C3: 3830 | D3: 2410 | E3: Sheer Curtain | F3: S Wave | G3: OWL | H3: M | I3: TF | J3: {=_xlfn.IFS($B$1="Lightvue", IF(E3="Sheer Curtain", _xlfn.XLOOKUP(Measurements!D3,'Curtain Pricing'!$B$8:$B$12, _xlfn.XLOOKUP(C3,'Curtain Pricing'!$D$6:$N$6,'Curtain Pricing'!$D$8:$N$12,,-1,1),,-1,1), IF(E3="Blockout Curtain", _xlfn.XLOOKUP(Measurements!D3,'Curtain Pricing'!$B$20:$B$24, _xlfn.XLOOKUP(C3,'Curtain Pricing'!$D$18:$N$18,'Curtain Pricing'!$D$20:$N$24,,-1,1),,-1,1),"Select Product")), $B$1="Wholesale",IF(E3="Sheer Curtain", IF(F3="S Wave",_xlfn.XLOOKUP(Measurements!D3,'Curtain Pricing'!$Q$8:$Q$12,_xlfn.XLOOKUP(C3,'Curtain Pricing'!$S$6:$AC$6,'Curtain Pricing'!$S$8:$AC$12,,-1,1),"Select Product",-1,1), IF(F3="Pinch Pleat", _xlfn.XLOOKUP(Measurements!D3,'Curtain Pricing'!$Q$18:$Q$22, _xlfn.XLOOKUP(C3,'Curtain Pricing'!$S$16:$AC$16,'Curtain Pricing'!$S$18:$AC$22,,-1,1),,-1,1),"Select Style")), IF(E3="Blockout Curtain", IF(F3="S Wave", _xlfn.XLOOKUP(Measurements!D3,'Curtain Pricing'!$Q$28:$Q$32, _xlfn.XLOOKUP(C3,'Curtain Pricing'!$S$26:$AC$26,'Curtain Pricing'!$S$28:$AC$32,,-1,1),,-1,1), IF(F3="Pinch Pleat", _xlfn.XLOOKUP(Measurements!D3,'Curtain Pricing'!$Q$37:$Q$41, _xlfn.XLOOKUP(C3,'Curtain Pricing'!$S$35:$AC$35,'Curtain Pricing'!$S$37:$AC$41,,-1,1),,-1,1),"Select Style")))), $B$1="*Choose Channel from dropdown*","Choose Channel From Dropdown")} -> 274.4 | K3: =_xlfn.XLOOKUP(C3,'Curtain Pricing'!B$34:B$39,'Curtain Pricing'!C$34:C$39,,1,1) -> 130 | L3: =SUM(J3:K3) -> 404.4 | N3: Labour/Install (Hours) | O3: 0
A4: 2 | B4: SLIDING DOOR | C4: 3030 | D4: 2415 | E4: Sheer Curtain | F4: S Wave | G4: OWR | H4: M | I4: TF | J4: {=_xlfn.IFS($B$1="Lightvue", IF(E4="Sheer Curtain", _xlfn.XLOOKUP(Measurements!D4,'Curtain Pricing'!$B$8:$B$12, _xlfn.XLOOKUP(C4,'Curtain Pricing'!$D$6:$N$6,'Curtain Pricing'!$D$8:$N$12,,-1,1),,-1,1), IF(E4="Blockout Curtain", _xlfn.XLOOKUP(Measurements!D4,'Curtain Pricing'!$B$20:$B$24, _xlfn.XLOOKUP(C4,'Curtain Pricing'!$D$18:$N$18,'Curtain Pricing'!$D$20:$N$24,,-1,1),,-1,1),"Select Product")), $B$1="Wholesale",IF(E4="Sheer Curtain", IF(F4="S Wave",_xlfn.XLOOKUP(Measurements!D4,'Curtain Pricing'!$Q$8:$Q$12,_xlfn.XLOOKUP(C4,'Curtain Pricing'!$S$6:$AC$6,'Curtain Pricing'!$S$8:$AC$12,,-1,1),"Select Product",-1,1), IF(F4="Pinch Pleat", _xlfn.XLOOKUP(Measurements!D4,'Curtain Pricing'!$Q$18:$Q$22, _xlfn.XLOOKUP(C4,'Curtain Pricing'!$S$16:$AC$16,'Curtain Pricing'!$S$18:$AC$22,,-1,1),,-1,1),"Select Style")), IF(E4="Blockout Curtain", IF(F4="S Wave", _xlfn.XLOOKUP(Measurements!D4,'Curtain Pricing'!$Q$28:$Q$32, _xlfn.XLOOKUP(C4,'Curtain Pricing'!$S$26:$AC$26,'Curtain Pricing'!$S$28:$AC$32,,-1,1),,-1,1), IF(F4="Pinch Pleat", _xlfn.XLOOKUP(Measurements!D4,'Curtain Pricing'!$Q$37:$Q$41, _xlfn.XLOOKUP(C4,'Curtain Pricing'!$S$35:$AC$35,'Curtain Pricing'!$S$37:$AC$41,,-1,1),,-1,1),"Select Style")))), $B$1="*Choose Channel from dropdown*","Choose Channel From Dropdown")} -> 236.8 | K4: =_xlfn.XLOOKUP(C4,'Curtain Pricing'!B$34:B$39,'Curtain Pricing'!C$34:C$39,,1,1) -> 130 | L4: =SUM(J4:K4) -> 366.8 | N4: Quote/Admin (Hours) | O4: 0
A5: 3 | B5: BED | C5: 4254 | D5: 2425 | E5: Sheer Curtain | F5: S Wave | G5: OWR | H5: M | I5: TF | J5: {=_xlfn.IFS($B$1="Lightvue", IF(E5="Sheer Curtain", _xlfn.XLOOKUP(Measurements!D5,'Curtain Pricing'!$B$8:$B$12, _xlfn.XLOOKUP(C5,'Curtain Pricing'!$D$6:$N$6,'Curtain Pricing'!$D$8:$N$12,,-1,1),,-1,1), IF(E5="Blockout Curtain", _xlfn.XLOOKUP(Measurements!D5,'Curtain Pricing'!$B$20:$B$24, _xlfn.XLOOKUP(C5,'Curtain Pricing'!$D$18:$N$18,'Curtain Pricing'!$D$20:$N$24,,-1,1),,-1,1),"Select Product")), $B$1="Wholesale",IF(E5="Sheer Curtain", IF(F5="S Wave",_xlfn.XLOOKUP(Measurements!D5,'Curtain Pricing'!$Q$8:$Q$12,_xlfn.XLOOKUP(C5,'Curtain Pricing'!$S$6:$AC$6,'Curtain Pricing'!$S$8:$AC$12,,-1,1),"Select Product",-1,1), IF(F5="Pinch Pleat", _xlfn.XLOOKUP(Measurements!D5,'Curtain Pricing'!$Q$18:$Q$22, _xlfn.XLOOKUP(C5,'Curtain Pricing'!$S$16:$AC$16,'Curtain Pricing'!$S$18:$AC$22,,-1,1),,-1,1),"Select Style")), IF(E5="Blockout Curtain", IF(F5="S Wave", _xlfn.XLOOKUP(Measurements!D5,'Curtain Pricing'!$Q$28:$Q$32, _xlfn.XLOOKUP(C5,'Curtain Pricing'!$S$26:$AC$26,'Curtain Pricing'!$S$28:$AC$32,,-1,1),,-1,1), IF(F5="Pinch Pleat", _xlfn.XLOOKUP(Measurements!D5,'Curtain Pricing'!$Q$37:$Q$41, _xlfn.XLOOKUP(C5,'Curtain Pricing'!$S$35:$AC$35,'Curtain Pricing'!$S$37:$AC$41,,-1,1),,-1,1),"Select Style")))), $B$1="*Choose Channel from dropdown*","Choose Channel From Dropdown")} -> 307.2 | K5: =_xlfn.XLOOKUP(C5,'Curtain Pricing'!B$34:B$39,'Curtain Pricing'!C$34:C$39,,1,1) -> 170 | L5: =SUM(J5:K5) -> 477.2 | N5: Total Hours | O5: =SUM(O3+O4) -> 0
A6: 4 | N6: Cost | O6: =O5*O2 -> 0
A7: 5
A8: 6
A9: 7
A10: 8
A11: 9
A12: 10
A13: 11
A14: 12
K24: Labour&Install | L24: =O6 -> 0
K25: TOTAL EX. GST | L25: =SUM(L3:L24) -> 1248.4

Sheet Curtain Pricing
C2: LIGHTVUE to CUSTOMER PRICING (EX TRACKS AND GST) | R2: WHOLESALE PRICING (EX TRACKS AND GST)
A4: SHEER CURTAIN | R4: S Wave, Hand Draw, SHEER
O5: 1.5 | R5: Width (min-max)
D6: 0 | E6: 1001 | F6: 1501 | G6: 2001 | H6: 2501 | I6: 3001 | J6: 3501 | K6: 4001 | L6: 4501 | M6: 5001 | N6: 5501 | S6: 0 | T6: 1001 | U6: 1501 | V6: 2001 | W6: 2501 | X6: 3001 | Y6: 3501 | Z6: 4001 | AA6: 4501 | AB6: 5001 | AC6: 5501
D7: 1000 | E7: 1500 | F7: 2000 | G7: 2500 | H7: 3000 | I7: 3500 | J7: 4000 | K7: 4500 | L7: 5000 | M7: 5500 | N7: 6000 | S7: 1000 | T7: 1500 | U7: 2000 | V7: 2500 | W7: 3000 | X7: 3500 | Y7: 4000 | Z7: 4500 | AA7: 5000 | AB7: 5500 | AC7: 6000
B8: 0 | C8: 2500 | D8: 80 | E8: 140 | F8: =U8*$O$5 -> 189 | G8: 245 | H8: 300 | I8: =X8*$O$5 -> 355.2 | J8: 410 | K8: 460 | L8: 515 | M8: 570 | N8: 630 | Q8: 0 | R8: 2500 | S8: 54 | T8: 92 | U8: 126 | V8: 164 | W8: 198.4 | X8: 236.8 | Y8: 274.4 | Z8: 307.2 | AA8: 342.4 | AB8: 379.2 | AC8: 419.2
B9: 2501 | C9: 3400 | D9: =S9*$O$5 -> 99 | E9: 160 | F9: =U9*$O$5 -> 219 | G9: 280 | H9: 345 | I9: 410 | J9: 480 | K9: 535 | L9: 600 | M9: 660 | N9: =AC9*$O$5 -> 724.8 | Q9: 2501 | R9: 3400 | S9: 66 | T9: 108 | U9: 146 | V9: 188 | W9: 230.4 | X9: 272.8 | Y9: 318.4 | Z9: 355.2 | AA9: 398.4 | AB9: 439.2 | AC9: 483.2
B10: 3401 | C10: 4400 | D10: 120 | E10: 185 | F10: 255 | G10: 325 | H10: 395 | I10: 465 | J10: 540 | K10: =Z10*$O$5 -> 604.8 | L10: 675 | M10: 750 | N10: 820 | Q10: 3401 | R10: 4400 | S10: 78 | T10: 124 | U10: 170 | V10: 216 | W10: 262.4 | X10: 308.8 | Y10: 358.4 | Z10: 403.2 | AA10: 450.4 | AB10: 499.2 | AC10: 547.2
B11: 4401 | C11: 5500 | D11: =S11*$O$5 -> 150 | E11: =T11*$O$5 -> 225 | F11: =U11*$O$5 -> 300 | G11: =V11*$O$5 -> 375 | H11: =W11*$O$5 -> 450 | I11: =X11*$O$5 -> 525 | J11: =Y11*$O$5 -> 600 | K11: =Z11*$O$5 -> 675 | ... N11: =AC11*$O$5 -> 900 | Q11: 4401 | R11: 5500 | S11: 100 | T11: 150 | U11: 200 | V11: 250 | W11: 300 | X11: 350 | Y11: 400 | Z11: 450 | AA11: 500 | AB11: 550 | AC11: 600
B12: 5501 | C12: 6500 | D12: =S12*$O$5 -> 225 | E12: =T12*$O$5 -> 300 | F12: =U12*$O$5 -> 375 | G12: =V12*$O$5 -> 450 | H12: =W12*$O$5 -> 525 | I12: =X12*$O$5 -> 600 | J12: =Y12*$O$5 -> 675 | K12: =Z12*$O$5 -> 750 | ... N12: =AC12*$O$5 -> 975 | Q12: 5501 | R12: 6500 | S12: 150 | T12: 200 | U12: 250 | V12: 300 | W12: 350 | X12: 400 | Y12: 450 | Z12: 500 | AA12: 550 | AB12: 600 | AC12: 650
R14: Pinch Pleat, Cord drawn, SHEER
R15: Width (min-max)
A16: BLOCKOUT CURTAIN | S16: 0 | T16: 1001 | U16: 1501 | V16: 2001 | W16: 2501 | X16: 3001 | Y16: 3501 | Z16: 4001 | AA16: 4501 | AB16: 5001 | AC16: 5501
S17: 1000 | T17: 1500 | U17: 2000 | V17: 2500 | W17: 3000 | X17: 3500 | Y17: 4000 | Z17: 4500 | AA17: 5000 | AB17: 5500 | AC17: 6000
D18: 0 | E18: 1001 | F18: 1501 | G18: 2001 | H18: 2501 | I18: 3001 | J18: 3501 | K18: 4001 | L18: 4501 | M18: 5001 | N18: 5501 | Q18: 0 | R18: 2500 | S18: 87.2 | T18: 124.8 | U18: 164 | V18: 205.6 | W18: 240.8 | X18: 282.4 | Y18: 322.4 | Z18: 359.2 | AA18: 400.8 | AB18: 437.6 | AC18: 476.8
D19: 1000 | E19: 1500 | F19: 2000 | G19: 2500 | H19: 3000 | I19: 3500 | J19: 4000 | K19: 4500 | L19: 5000 | M19: 5500 | N19: 6000 | Q19: 2501 | R19: 3400 | S19: 95.2 | T19: 140.8 | U19: 184 | V19: 229.6 | W19: 272.8 | X19: 318.4 | Y19: 362.4 | Z19: 407.2 | AA19: 448.8 | AB19: 493.6 | AC19: 536.8
B20: 0 | C20: 2500 | D20: 168 | E20: 246 | F20: 330 | G20: 408 | H20: 492 | I20: 582 | J20: 666 | K20: 744 | L20: 744 | M20: 828 | N20: 906 | Q20: 3401 | R20: 4400 | S20: 107.2 | T20: 156.8 | U20: 208 | V20: 257.6 | W20: 308.8 | X20: 362.4 | Y20: 410.4 | Z20: 459.2 | AA20: 508.8 | AB20: 557.6 | AC20: 608.8
B21: 2501 | C21: 3400 | D21: 180 | E21: 270 | F21: 360 | G21: 444 | H21: 540 | I21: 630 | J21: 720 | K21: 810 | L21: 804 | M21: 894 | N21: 984 | Q21: 4401 | R21: 5500 | S21: 124 | T21: 172.8 | U21: 236 | V21: 284 | W21: 344 | X21: 400 | Y21: 450.4 | Z21: 504 | AA21: 560 | AB21: 621.6 | AC21: 680.8
B22: 3401 | C22: 4400 | D22: 198 | E22: 294 | F22: 390 | G22: 492 | H22: 588 | I22: 690 | J22: 786 | K22: 882 | L22: 906 | M22: 978 | N22: 1080 | Q22: 5501 | R22: 6500 | S22: 144 | T22: 188.8 | U22: 264 | V22: 312 | W22: 380 | X22: 440 | Y22: 490.4 | Z22: 552 | AA22: 616 | AB22: 680 | AC22: 752
B23: 4401 | C23: 5500 | D23: 216 | E23: 324 | F23: 420 | G23: 528 | H23: 648 | I23: 750 | J23: 846 | K23: 954 | L23: 978 | M23: 1044 | N23: 1176
B24: 5501 | C24: 6000 | D24: 300 | E24: 390 | F24: 462 | G24: 576 | H24: 708 | I24: 810 | J24: 912 | K24: 1038 | L24: 1062 | M24: 1116 | N24: 1296
R25: S Wave, Hand Draw, BLOCKOUT
S26: 0 | T26: 1001 | U26: 1501 | V26: 2001 | W26: 2501 | X26: 3001 | Y26: 3501 | Z26: 4001 | AA26: 4501 | AB26: 5001 | AC26: 5501
S27: 1000 | T27: 1500 | U27: 2000 | V27: 2500 | W27: 3000 | X27: 3500 | Y27: 4000 | Z27: 4500 | AA27: 5000 | AB27: 5500 | AC27: 6000
A28: To CUSTOMER MANUAL TRACK PRICING | Q28: 0 | R28: 2500 | S28: 114.4 | T28: 172 | U28: 230.4 | V28: 228 | W28: 286.4 | X28: 344.8 | Y28: 402.4 | Z28: 459.2 | AA28: 486.4 | AB28: 515.2 | AC28: 575.2
A29: Width | C29: PRICE | Q29: 2501 | R29: 3400 | S29: 126.4 | T29: 188 | U29: 250.4 | V29: 252 | W29: 314.4 | X29: 376.8 | Y29: 442.4 | Z29: 519.2 | AA29: 542.4 | AB29: 567.2 | AC29: 627.2
Q30: 3401 | R30: 4400 | S30: 134.4 | T30: 204 | U30: 274.4 | V30: 272 | W30: 342.4 | X30: 412.8 | Y30: 478.4 | Z30: 547.2 | AA30: 580 | AB30: 615.2 | AC30: 683.2
Q31: 4401 | R31: 5500 | S31: 148 | T31: 220 | U31: 298.4 | V31: 296 | W31: 368 | X31: 440 | Y31: 520 | Z31: 576 | AA31: 624 | AB31: 776 | AC31: 856
B32: MANUAL TRACK FOR S WAVE AND PP | Q32: 5501 | R32: 6000 | S32: 164 | T32: 236 | U32: 322.4 | V32: 320 | W32: 392 | X32: 472 | Y32: 560 | Z32: 640 | AA32: 688 | AB32: 744 | AC32: 840
B33: Max Width | C33: Price
B34: 1000 | C34: 50 | R34: Pinch Pleat, Cord Drawn, BLOCKOUT
B35: 2000 | C35: 70 | S35: 0 | T35: 1001 | U35: 1501 | V35: 2001 | W35: 2501 | X35: 3001 | Y35: 3501 | Z35: 4001 | AA35: 4501 | AB35: 5001 | AC35: 5501
B36: 3000 | C36: 100 | S36: 1000 | T36: 1500 | U36: 2000 | V36: 2500 | W36: 3000 | X36: 3500 | Y36: 4000 | Z36: 4500 | AA36: 5000 | AB36: 5500 | AC36: 6000
B37: 4000 | C37: 130 | Q37: 0 | R37: 2500 | S37: 111.2 | T37: 164.8 | U37: 220 | V37: 273.6 | W37: 328.8 | X37: 386.4 | Y37: 442.4 | Z37: 495.2 | AA37: 496.8 | AB37: 549.6 | AC37: 604.8
B38: 5000 | C38: 170 | Q38: 2501 | R38: 3400 | S38: 119.2 | T38: 180.8 | U38: 240 | V38: 297.6 | W38: 360.8 | X38: 418.4 | Y38: 478.4 | Z38: 539.2 | AA38: 536.8 | AB38: 597.6 | AC38: 656.8
B39: 6000 | C39: 200 | Q39: 3401 | R39: 4400 | S39: 131.2 | T39: 196.8 | U39: 260 | V39: 325.6 | W39: 392.8 | X39: 458.4 | Y39: 522.4 | Z39: 587.2 | AA39: 588.8 | AB39: 653.6 | AC39: 720.8
Q40: 4401 | R40: 5500 | S40: 144 | T40: 212.8 | U40: 280 | V40: 352 | W40: 424.8 | X40: 498.4 | Y40: 560 | Z40: 640 | AA40: 648 | AB40: 704 | AC40: 784
Q41: 5501 | R41: 6000 | S41: 176 | T41: 228.8 | U41: 300 | V41: 376 | W41: 456.8 | X41: 538.4 | Y41: 600 | Z41: 680 | AA41: 704 | AB41: 752 | AC41: 864

Sheet Dropdowns
A1: Product Type | B1: Style | C1: Opening | D1: Track | E1: Fix | F1: Channel
A2: Sheer Curtain | B2: S Wave | C2: OWL | D2: M | E2: FF | F2: *Choose Channel from dropdown*
A3: Blockout Curtain | B3: Pinch Pleat | C3: OWR | D3: A | E3: TF | F3: Lightvue
C4: C/O | F4: Wholesale
